{
  "experimento": "Golden Dataset BM25 vs TF-IDF",
  "timestamp": "20250608_192301",
  "dataset_size": 40,
  "corpus_size": 49,
  "metricas": {
    "tfidf": {
      "precision": 0.75,
      "recall": 0.6499999999999996,
      "f1": 0.6960000000000005,
      "mrr": 1.0,
      "tiempo_promedio": 0.08238435983657837
    },
    "bm25": {
      "precision": 0.75,
      "recall": 0.6499999999999996,
      "f1": 0.6960000000000005,
      "mrr": 1.0,
      "tiempo_promedio": 0.037818032503128055
    }
  },
  "comparacion": {
    "ganador": "TF-IDF",
    "mejora_f1": 0.0,
    "aceleracion": 2.178441192829481,
    "evidencia_cientifica": "BM25 supera TF-IDF en 0.0% (dataset: 40 preguntas)"
  }
}